{"cameraMode":{"drawMode":0,"name":"Shaded","section":"Shading Mode"},"sceneLighting":true,"audioPlay":false,"sceneViewState":{"m_AlwaysRefresh":false,"showFog":true,"showSkybox":false,"showFlares":true,"showImageEffects":true,"showParticleSystems":true,"showVisualEffectGraphs":true,"m_FxEnabled":true},"in2DMode":false,"pivot":{"x":-0.15164926648139954,"y":-1.782981038093567,"z":-9.218229293823243},"rotation":{"x":-0.0009921672753989697,"y":0.9904336929321289,"z":-0.13786692917346955,"w":-0.007130026817321777},"size":7.011635780334473,"orthographic":false}